Receptor,Bin,Mean,Cell Type
IL2Ra,1,870.1945294087001,Treg
IL2Ra,2,2424.7122019389417,Treg
IL2Ra,3,6015.177318318936,Treg
IL2Rb,1,2157.206600427434,Treg
IL2Rb,2,2363.336837910574,Treg
IL2Rb,3,2450.4189097994054,Treg
IL2Ra,1,65.27495375012495,Thelper
IL2Ra,2,257.9396026025709,Thelper
IL2Ra,3,937.567008332549,Thelper
IL2Rb,1,2520.698427256267,Thelper
IL2Rb,2,2854.130255865161,Thelper
IL2Rb,3,2572.490619065319,Thelper
