Receptor,Bin,Mean,Cell Type
IL2Ra,1,914.7654966004477,Treg
IL2Ra,2,2538.0747567541907,Treg
IL2Ra,3,6198.576530660696,Treg
IL2Rb,1,1466.57268101913,Treg
IL2Rb,2,1502.8841872720434,Treg
IL2Rb,3,1464.109341559519,Treg
IL2Ra,1,63.811525256369364,Thelper
IL2Ra,2,252.10242232540986,Thelper
IL2Ra,3,917.8387812857854,Thelper
IL2Rb,1,1590.815770958144,Thelper
IL2Rb,2,1631.4780387887536,Thelper
IL2Rb,3,1625.9427740902518,Thelper
