Receptor,Bin,Mean,Cell Type
IL2Ra,1,714.6364885135068,Treg
IL2Ra,2,2160.6703630295947,Treg
IL2Ra,3,5745.72246052029,Treg
IL2Rb,1,1426.4175141849057,Treg
IL2Rb,2,1441.1763100123237,Treg
IL2Rb,3,1548.2942564817954,Treg
IL2Ra,1,67.31259012350377,Thelper
IL2Ra,2,266.8469944062562,Thelper
IL2Ra,3,961.2216773467678,Thelper
IL2Rb,1,1728.6149417937088,Thelper
IL2Rb,2,1638.748114008541,Thelper
IL2Rb,3,1607.3604728875819,Thelper
