Receptor,Bin,Mean,Cell Type
IL2Ra,1,714.6364885135068,Treg
IL2Ra,2,2160.6703630295947,Treg
IL2Ra,3,5745.72246052029,Treg
IL2Rb,1,2271.715589643082,Treg
IL2Rb,2,2288.9267876546296,Treg
IL2Rb,3,2459.494878679102,Treg
IL2Ra,1,67.31259012350377,Thelper
IL2Ra,2,266.8469944062562,Thelper
IL2Ra,3,961.2216773467678,Thelper
IL2Rb,1,2877.9108461865576,Thelper
IL2Rb,2,2604.618024190643,Thelper
IL2Rb,3,2554.454180350525,Thelper
