Ligand,CD8$^{+}$,NK,NK$^{Bright}$,T$_{helper}$,T$_{reg}$
Live/Dead (Biv),32.95228479072651,N/A,13.03498305379412,28.996975585708675,0.3092452194413266
Live/Dead (Tetra),2.946593257543156,12.374658075499953,3.431487919259426,7.725415342682309,0.058805032695827035
R38Q/H16N (Biv),N/A,27.990011212088092,36.448759457750185,N/A,6.964022926305215
R38Q/H16N (Mono),N/A,N/A,89.21061052045647,N/A,13.611160969980087
R38Q/H16N (Tetra),3.942189656325747,N/A,4.1705361260774625,8.14508680661088,0.17365857059995385
