Ligand,CD8,NK,NKBright,Thelper,Treg
Live/Dead (Biv),N/A,N/A,26.16761974130061,57.15123869195732,0.5961259897839432
Live/Dead (Tetra),N/A,16.843625015563298,6.459096600510865,15.086755416660841,0.09805628899931595
R38Q/H16N (Biv),N/A,N/A,N/A,N/A,32.52375026802315
R38Q/H16N (Mono),N/A,N/A,N/A,N/A,20.766543516062015
R38Q/H16N (Tetra),44.27563211742251,N/A,10.513190607305361,18.718126009895457,0.3909468861834345
