Ligand,CD8$^{+}$,NK,NK$^{Bright}$,T$_{helper}$,T$_{helper}$ $IL2Ra^{hi}$,T$_{helper}$ $IL2Ra^{lo}$,T$_{reg}$,T$_{reg}$ $IL2Ra^{hi}$,T$_{reg}$ $IL2Ra^{lo}$
F42Q N-Term (Mono),N/A,97.02878910417482,N/A,N/A,N/A,N/A,N/A,N/A,N/A
H16N N-term (Mono),N/A,N/A,N/A,N/A,N/A,N/A,1.2605666069118524,0.3481526615943623,14.485129763545858
IL15 (Mono),1.2547666594483706,0.8775094319947844,0.9399639649429952,1.103067756466395,1.0446708702179448,1.1705797630685435,0.9563095784663154,0.870429186124776,1.0436415680370297
IL2 (Mono),3.5614061100971566,1.8648433238554725,0.7657081390409853,1.1662249356065924,0.9434861755634868,1.7025548639643202,0.10702592644848978,0.05162938489951544,0.21366790706069186
N88D C-term (Mono),N/A,N/A,19.64095990444828,N/A,N/A,N/A,57.15016806496908,36.24802779264658,70.44420319730598
R38Q N-term (Mono),N/A,68.0512349820129,N/A,N/A,N/A,N/A,16.20027924428131,8.989269491708383,42.67679852584364
R38Q/H16N (Biv),N/A,N/A,6.255580617563358,37.11891688368614,23.313520734808577,N/A,5.1964464723194705,0.4686773898589324,14.608531522656797
V91K C-term (Mono),N/A,N/A,N/A,78.95265440930986,N/A,N/A,18.55622916256534,3.96941275641006,36.217638603585286
WT C-term (Mono),N/A,N/A,14.772246803886988,51.87911875902061,41.35473196342881,N/A,N/A,0.3602941129832898,N/A
WT N-term (Biv),N/A,N/A,3.3251531584810974,0.7385180567188886,0.2959585842568635,N/A,0.08553064672266528,0.044122710507103986,0.1797157121068209
WT N-term (Mono),N/A,34.98908061820172,17.417678229726853,11.277230251006479,5.510644624627105,N/A,0.37385911307029757,0.08088640400071274,3.2234941765936376
