Ligand,CD8$^{+}$,NK,NK$^{Bright}$,T$_{helper}$,T$_{reg}$
Live/Dead (Biv),32.95228479072651,N/A,13.03498305379412,23.683436953416983,0.3027566358125057
Live/Dead (Tetra),2.946593257543156,12.374658075499953,3.431487919259426,2.9720072175457517,0.05721978420797412
R38Q/H16N (Biv),N/A,27.990011212088092,36.448759457750185,N/A,6.881465338880997
R38Q/H16N (Mono),N/A,N/A,89.21061052045647,N/A,13.14466830581121
R38Q/H16N (Tetra),3.942189656325747,N/A,4.1705361260774625,5.21852970641353,0.17689737209680298
