IL21 dose (pg/mL),normalized pSTAT3
5,0.209187279
50,0.565371025
500,0.986572438
5000,0.91590106
50000,1
