IL4 dose (pg/mL),no IL7 pretreatment,50 pg/mL IL7 pretreatment,200 pg/mL IL7 pretreatment,5000 pg/mL IL7 pretreatment
5,0.031270358,0.023452769,0.023452769,0.00781759
50,0.317915309,0.24495114,0.145928339,0.044299674
500,0.86514658,0.758306189,0.552442997,0.18762215
5000,1.003257329,0.86514658,0.745276873,0.49771987
50000,0.966775244,0.86514658,0.755700326,0.552442997
