IL7 dose (pg / mL),normalized pSTAT5 response
5,0.142209189
50,0.696102215
500,0.938210484
5000,0.981183236
25000,1
50000,1
