,Cell,CD25,Donor
0,Treg,4909.040646087676,Donor 303
0,ILC2,4867.792185349925,Donor 303
0,Treg,4572.538587799744,Donor 334
0,ILC2,5050.788851791763,Donor 334
0,Treg,4771.644181408298,Donor 850
0,ILC2,4930.805558269632,Donor 850
0,Treg,4722.736217287179,Donor X
0,ILC2,4477.346091752399,Donor X
