min,gc
0,100
2.006688963,90.97714403
5.016722408,87.37065791
9.030100334,82.32133586
15.05016722,83.41161272
29.09698997,70.43212634
44.64882943,68.6457868
60.2006689,65.77641476
89.29765886,58.23020176
119.8996656,49.24175652
180.1003344,49.31420016
240.3010033,50.83068713
